-- MySQL Script generated by MySQL Workbench
-- Mon Oct 14 12:56:40 2019
-- Model: New Model    Version: 1.0
-- MySQL Workbench Forward Engineering

-- SET @OLD_UNIQUE_CHECKS=@@UNIQUE_CHECKS, UNIQUE_CHECKS=0;
-- SET @OLD_FOREIGN_KEY_CHECKS=@@FOREIGN_KEY_CHECKS, FOREIGN_KEY_CHECKS=0;
-- SET @OLD_SQL_MODE=@@SQL_MODE, SQL_MODE='ONLY_FULL_GROUP_BY,STRICT_TRANS_TABLES,NO_ZERO_IN_DATE,NO_ZERO_DATE,ERROR_FOR_DIVISION_BY_ZERO,NO_ENGINE_SUBSTITUTION';

-- -----------------------------------------------------
-- Schema SCT
-- -----------------------------------------------------
-- Students, Courses, Teachers
DROP SCHEMA IF EXISTS `SCT` ;

-- -----------------------------------------------------
-- Schema SCT
--
-- Students, Courses, Teachers
-- -----------------------------------------------------
CREATE SCHEMA IF NOT EXISTS `SCT` DEFAULT CHARACTER SET utf8 COLLATE utf8_bin ;
USE `SCT` ;

-- -----------------------------------------------------
-- Table `SCT`.`Student`
-- -----------------------------------------------------
DROP TABLE IF EXISTS `SCT`.`Student` ;

CREATE TABLE IF NOT EXISTS `SCT`.`Student` (
  `S` INT NOT NULL AUTO_INCREMENT,
  `Sname` VARCHAR(45) NOT NULL,
  `Sage` VARCHAR(45) NOT NULL,
  `Ssex` ENUM('1', '0') NOT NULL,
  PRIMARY KEY (`S`),
  UNIQUE INDEX `S#_UNIQUE` (`S` ASC) )
ENGINE = InnoDB;


-- -----------------------------------------------------
-- Table `SCT`.`Teacher`
-- -----------------------------------------------------
DROP TABLE IF EXISTS `SCT`.`Teacher` ;

CREATE TABLE IF NOT EXISTS `SCT`.`Teacher` (
  `T` INT NOT NULL AUTO_INCREMENT,
  `Tname` VARCHAR(45) NOT NULL,
  PRIMARY KEY (`T`),
  UNIQUE INDEX `T#_UNIQUE` (`T` ASC) )
ENGINE = InnoDB;


-- -----------------------------------------------------
-- Table `SCT`.`Course`
-- -----------------------------------------------------
DROP TABLE IF EXISTS `SCT`.`Course` ;

CREATE TABLE IF NOT EXISTS `SCT`.`Course` (
  `C` INT NOT NULL,
  `Cname` VARCHAR(45) NOT NULL,
  `T` INT NOT NULL,
  PRIMARY KEY (`C`),
  UNIQUE INDEX `C#_UNIQUE` (`C` ASC) ,
  INDEX `fk_Course_Teacher1_idx` (`T` ASC) ,
  CONSTRAINT `fk_Course_Teacher1`
    FOREIGN KEY (`T`)
    REFERENCES `SCT`.`Teacher` (`T`)
    ON DELETE NO ACTION
    ON UPDATE NO ACTION)
ENGINE = InnoDB;


-- -----------------------------------------------------
-- Table `SCT`.`SC`
-- -----------------------------------------------------
DROP TABLE IF EXISTS `SCT`.`SC` ;

CREATE TABLE IF NOT EXISTS `SCT`.`SC` (
  `C` INT NOT NULL,
  `S` INT NOT NULL,
  `score` INT NOT NULL,
  INDEX `fk_SC_Course1_idx` (`C` ASC) ,
  INDEX `fk_SC_Student1_idx` (`S` ASC) ,
  CONSTRAINT `fk_SC_Course1`
    FOREIGN KEY (`C`)
    REFERENCES `SCT`.`Course` (`C`)
    ON DELETE NO ACTION
    ON UPDATE NO ACTION,
  CONSTRAINT `fk_SC_Student1`
    FOREIGN KEY (`S`)
    REFERENCES `SCT`.`Student` (`S`)
    ON DELETE NO ACTION
    ON UPDATE NO ACTION)
ENGINE = InnoDB;


SET SQL_MODE=@OLD_SQL_MODE;
SET FOREIGN_KEY_CHECKS=@OLD_FOREIGN_KEY_CHECKS;
SET UNIQUE_CHECKS=@OLD_UNIQUE_CHECKS;

-- -----------------------------------------------------
-- Data for table `SCT`.`Student`
-- -----------------------------------------------------
START TRANSACTION;
USE `SCT`;
INSERT INTO `SCT`.`Student` (`S`, `Sname`, `Sage`, `Ssex`) VALUES (1, 'zxy', '18', '1');
INSERT INTO `SCT`.`Student` (`S`, `Sname`, `Sage`, `Ssex`) VALUES (2, 'xty', '20', '0');
INSERT INTO `SCT`.`Student` (`S`, `Sname`, `Sage`, `Ssex`) VALUES (3, 'zl', '70', '1');
INSERT INTO `SCT`.`Student` (`S`, `Sname`, `Sage`, `Ssex`) VALUES (4, 'rd', '16', '0');
INSERT INTO `SCT`.`Student` (`S`, `Sname`, `Sage`, `Ssex`) VALUES (5, 'wyh', '17', '1');
INSERT INTO `SCT`.`Student` (`S`, `Sname`, `Sage`, `Ssex`) VALUES (6, 'lsy', '32', '0');
INSERT INTO `SCT`.`Student` (`S`, `Sname`, `Sage`, `Ssex`) VALUES (7, 'szp', '25', '1');
INSERT INTO `SCT`.`Student` (`S`, `Sname`, `Sage`, `Ssex`) VALUES (8, 'ljg', '33', '1');
INSERT INTO `SCT`.`Student` (`S`, `Sname`, `Sage`, `Ssex`) VALUES (9, 'sht', '46', '1');
INSERT INTO `SCT`.`Student` (`S`, `Sname`, `Sage`, `Ssex`) VALUES (10, 'xk', '29', '1');

COMMIT;


-- -----------------------------------------------------
-- Data for table `SCT`.`Teacher`
-- -----------------------------------------------------
START TRANSACTION;
USE `SCT`;
INSERT INTO `SCT`.`Teacher` (`T`, `Tname`) VALUES (1, 'jsl');
INSERT INTO `SCT`.`Teacher` (`T`, `Tname`) VALUES (2, 'fy');
INSERT INTO `SCT`.`Teacher` (`T`, `Tname`) VALUES (3, 'sw');
INSERT INTO `SCT`.`Teacher` (`T`, `Tname`) VALUES (4, 'ljp');
INSERT INTO `SCT`.`Teacher` (`T`, `Tname`) VALUES (5, 'gzp');
INSERT INTO `SCT`.`Teacher` (`T`, `Tname`) VALUES (6, 'cys');
INSERT INTO `SCT`.`Teacher` (`T`, `Tname`) VALUES (7, 'xw');

COMMIT;


-- -----------------------------------------------------
-- Data for table `SCT`.`Course`
-- -----------------------------------------------------
START TRANSACTION;
USE `SCT`;
INSERT INTO `SCT`.`Course` (`C`, `Cname`, `T`) VALUES (1, 'csapp', 1);
INSERT INTO `SCT`.`Course` (`C`, `Cname`, `T`) VALUES (2, 'sicp', 2);
INSERT INTO `SCT`.`Course` (`C`, `Cname`, `T`) VALUES (3, 'clrs', 3);
INSERT INTO `SCT`.`Course` (`C`, `Cname`, `T`) VALUES (4, 'SE', 4);
INSERT INTO `SCT`.`Course` (`C`, `Cname`, `T`) VALUES (5, 'DbSysConcept', 5);
INSERT INTO `SCT`.`Course` (`C`, `Cname`, `T`) VALUES (6, 'CPP', 6);
INSERT INTO `SCT`.`Course` (`C`, `Cname`, `T`) VALUES (7, 'TCPIP1', 7);

COMMIT;


-- -----------------------------------------------------
-- Data for table `SCT`.`SC`
-- -----------------------------------------------------
START TRANSACTION;
USE `SCT`;
INSERT INTO `SCT`.`SC` (`C`, `S`, `score`) VALUES (1, 1, 100);
INSERT INTO `SCT`.`SC` (`C`, `S`, `score`) VALUES (2, 1, 100);
INSERT INTO `SCT`.`SC` (`C`, `S`, `score`) VALUES (3, 1, 100);
INSERT INTO `SCT`.`SC` (`C`, `S`, `score`) VALUES (4, 1, 100);
INSERT INTO `SCT`.`SC` (`C`, `S`, `score`) VALUES (5, 1, 100);
INSERT INTO `SCT`.`SC` (`C`, `S`, `score`) VALUES (6, 1, 100);
INSERT INTO `SCT`.`SC` (`C`, `S`, `score`) VALUES (7, 1, 100);
INSERT INTO `SCT`.`SC` (`C`, `S`, `score`) VALUES (1, 2, 95);
INSERT INTO `SCT`.`SC` (`C`, `S`, `score`) VALUES (2, 2, 96);
INSERT INTO `SCT`.`SC` (`C`, `S`, `score`) VALUES (4, 2, 90);
INSERT INTO `SCT`.`SC` (`C`, `S`, `score`) VALUES (5, 2, 65);
INSERT INTO `SCT`.`SC` (`C`, `S`, `score`) VALUES (6, 2, 70);
INSERT INTO `SCT`.`SC` (`C`, `S`, `score`) VALUES (1, 3, 88);
INSERT INTO `SCT`.`SC` (`C`, `S`, `score`) VALUES (2, 3, 99);
INSERT INTO `SCT`.`SC` (`C`, `S`, `score`) VALUES (3, 3, 45);
INSERT INTO `SCT`.`SC` (`C`, `S`, `score`) VALUES (4, 3, 32);
INSERT INTO `SCT`.`SC` (`C`, `S`, `score`) VALUES (5, 3, 76);
INSERT INTO `SCT`.`SC` (`C`, `S`, `score`) VALUES (6, 3, 88);
INSERT INTO `SCT`.`SC` (`C`, `S`, `score`) VALUES (7, 3, 90);
INSERT INTO `SCT`.`SC` (`C`, `S`, `score`) VALUES (1, 4, 100);
INSERT INTO `SCT`.`SC` (`C`, `S`, `score`) VALUES (2, 4, 0);
INSERT INTO `SCT`.`SC` (`C`, `S`, `score`) VALUES (3, 4, 65);
INSERT INTO `SCT`.`SC` (`C`, `S`, `score`) VALUES (4, 4, 78);
INSERT INTO `SCT`.`SC` (`C`, `S`, `score`) VALUES (5, 4, 89);
INSERT INTO `SCT`.`SC` (`C`, `S`, `score`) VALUES (6, 4, 45);
INSERT INTO `SCT`.`SC` (`C`, `S`, `score`) VALUES (3, 5, 48);
INSERT INTO `SCT`.`SC` (`C`, `S`, `score`) VALUES (4, 5, 89);
INSERT INTO `SCT`.`SC` (`C`, `S`, `score`) VALUES (6, 5, 80);
INSERT INTO `SCT`.`SC` (`C`, `S`, `score`) VALUES (7, 5, 42);
INSERT INTO `SCT`.`SC` (`C`, `S`, `score`) VALUES (2, 6, 32);
INSERT INTO `SCT`.`SC` (`C`, `S`, `score`) VALUES (4, 6, 36);
INSERT INTO `SCT`.`SC` (`C`, `S`, `score`) VALUES (6, 6, 88);
INSERT INTO `SCT`.`SC` (`C`, `S`, `score`) VALUES (7, 6, 88);
INSERT INTO `SCT`.`SC` (`C`, `S`, `score`) VALUES (5, 7, 90);
INSERT INTO `SCT`.`SC` (`C`, `S`, `score`) VALUES (6, 7, 95);
INSERT INTO `SCT`.`SC` (`C`, `S`, `score`) VALUES (7, 7, 100);
INSERT INTO `SCT`.`SC` (`C`, `S`, `score`) VALUES (1, 8, 90);
INSERT INTO `SCT`.`SC` (`C`, `S`, `score`) VALUES (2, 8, 90);
INSERT INTO `SCT`.`SC` (`C`, `S`, `score`) VALUES (3, 8, 90);
INSERT INTO `SCT`.`SC` (`C`, `S`, `score`) VALUES (4, 8, 90);
INSERT INTO `SCT`.`SC` (`C`, `S`, `score`) VALUES (5, 8, 90);
INSERT INTO `SCT`.`SC` (`C`, `S`, `score`) VALUES (6, 8, 90);
INSERT INTO `SCT`.`SC` (`C`, `S`, `score`) VALUES (7, 8, 90);
INSERT INTO `SCT`.`SC` (`C`, `S`, `score`) VALUES (1, 9, 45);
INSERT INTO `SCT`.`SC` (`C`, `S`, `score`) VALUES (2, 9, 45);
INSERT INTO `SCT`.`SC` (`C`, `S`, `score`) VALUES (3, 9, 90);
INSERT INTO `SCT`.`SC` (`C`, `S`, `score`) VALUES (5, 9, 98);
INSERT INTO `SCT`.`SC` (`C`, `S`, `score`) VALUES (6, 9, 69);
INSERT INTO `SCT`.`SC` (`C`, `S`, `score`) VALUES (2, 10, 65);
INSERT INTO `SCT`.`SC` (`C`, `S`, `score`) VALUES (3, 10, 79);
INSERT INTO `SCT`.`SC` (`C`, `S`, `score`) VALUES (4, 10, 50);
INSERT INTO `SCT`.`SC` (`C`, `S`, `score`) VALUES (5, 10, 92);
INSERT INTO `SCT`.`SC` (`C`, `S`, `score`) VALUES (7, 10, 66);

COMMIT;

